{"cameraMode":{"drawMode":0,"name":"Shaded","section":"Shading Mode"},"sceneLighting":true,"audioPlay":false,"sceneViewState":{"m_AlwaysRefresh":false,"showFog":true,"showSkybox":true,"showFlares":true,"showImageEffects":true,"showParticleSystems":true,"showVisualEffectGraphs":true,"m_FxEnabled":true},"in2DMode":false,"pivot":{"x":-1.1079381704330445,"y":2.3723630905151369,"z":-7.541193962097168},"rotation":{"x":-0.36932629346847536,"y":-0.010596449486911297,"z":0.004211560823023319,"w":-0.9292303323745728},"size":20.211811065673829,"orthographic":false}